Palavra-chave,Tipo de palavra-chave,Status das palavras-chave,CPC mín. da palavra-chave,CPC Máximo atual,URL de destino da palavra-chave,Campanha,Grupo de anúncios,Cliques,Impressões,CTR,CPC médio,CPM médio,Custo,Posição média,Taxa de conversão,Custo / Conversão,Conversões
crm brasil,Ampla,Ativo,"R$0,17","R$0,50",URL padrão,Vtiger,Vtiger Instalação,0,0,"0,0%","R$0,00","R$0,00","R$0,00",0.0,"0,0%","R$0,00",0
crm cliente,Ampla,Ativo,"R$0,17","R$0,50",URL padrão,Vtiger,Vtiger Instalação,0,0,"0,0%","R$0,00","R$0,00","R$0,00",0.0,"0,0%","R$0,00",0
crm clientes,Ampla,Ativo,"R$0,17","R$0,50",URL padrão,Vtiger,Vtiger Instalação,0,0,"0,0%","R$0,00","R$0,00","R$0,00",0.0,"0,0%","R$0,00",0
crm customer relationship,Ampla,Ativo,"R$0,35","R$0,50",URL padrão,Vtiger,Vtiger Instalação,0,0,"0,0%","R$0,00","R$0,00","R$0,00",0.0,"0,0%","R$0,00",0
crm customer relationship management,Ampla,Ativo,"R$0,85","R$0,50",URL padrão,Vtiger,Vtiger Instalação,0,0,"0,0%","R$0,00","R$0,00","R$0,00",0.0,"0,0%","R$0,00",0
crm download,Ampla,Ativo,"R$0,17","R$0,50",URL padrão,Vtiger,Vtiger Instalação,0,0,"0,0%","R$0,00","R$0,00","R$0,00",0.0,"0,0%","R$0,00",0
crm empresas,Ampla,Ativo,"R$0,17","R$0,50",URL padrão,Vtiger,Vtiger Instalação,0,0,"0,0%","R$0,00","R$0,00","R$0,00",0.0,"0,0%","R$0,00",0
crm free,Ampla,Ativo,"R$0,04","R$0,50",URL padrão,Vtiger,Vtiger Instalação,0,0,"0,0%","R$0,00","R$0,00","R$0,00",0.0,"0,0%","R$0,00",0
crm gratis,Ampla,Ativo,"R$0,04","R$0,50",URL padrão,Vtiger,Vtiger Instalação,0,0,"0,0%","R$0,00","R$0,00","R$0,00",0.0,"0,0%","R$0,00",0
crm internet,Ampla,Ativo,"R$0,17","R$0,50",URL padrão,Vtiger,Vtiger Instalação,0,0,"0,0%","R$0,00","R$0,00","R$0,00",0.0,"0,0%","R$0,00",0
crm management,Ampla,Ativo,"R$0,35","R$0,50",URL padrão,Vtiger,Vtiger Instalação,0,0,"0,0%","R$0,00","R$0,00","R$0,00",0.0,"0,0%","R$0,00",0
crm marketing,Ampla,Ativo,"R$0,25","R$0,50",URL padrão,Vtiger,Vtiger Instalação,0,0,"0,0%","R$0,00","R$0,00","R$0,00",0.0,"0,0%","R$0,00",0
crm online,Ampla,Ativo,"R$0,04","R$0,50",URL padrão,Vtiger,Vtiger Instalação,0,0,"0,0%","R$0,00","R$0,00","R$0,00",0.0,"0,0%","R$0,00",0
crm service,Ampla,Ativo,"R$0,17","R$0,50",URL padrão,Vtiger,Vtiger Instalação,0,0,"0,0%","R$0,00","R$0,00","R$0,00",0.0,"0,0%","R$0,00",0
instalar vtiger,Ampla,Ativo,"R$0,04","R$0,50",URL padrão,Vtiger,Vtiger Instalação,0,0,"0,0%","R$0,00","R$0,00","R$0,00",0.0,"0,0%","R$0,00",0
marketing de relacionamento,Ampla,Ativo,"R$0,04","R$0,50",URL padrão,Vtiger,Vtiger Instalação,0,11,"0,0%","R$0,00","R$0,00","R$0,00",5.545454545454546,"0,0%","R$0,00",0
marketing online,Ampla,Ativo,"R$0,04","R$0,50",URL padrão,Vtiger,Vtiger Instalação,0,2,"0,0%","R$0,00","R$0,00","R$0,00",11.0,"0,0%","R$0,00",0
sistema crm,Ampla,Ativo,"R$0,17","R$0,50",URL padrão,Vtiger,Vtiger Instalação,0,0,"0,0%","R$0,00","R$0,00","R$0,00",0.0,"0,0%","R$0,00",0
sistemas crm,Ampla,Ativo,"R$0,17","R$0,50",URL padrão,Vtiger,Vtiger Instalação,0,0,"0,0%","R$0,00","R$0,00","R$0,00",0.0,"0,0%","R$0,00",0
site crm,Ampla,Ativo,"R$0,17","R$0,50",URL padrão,Vtiger,Vtiger Instalação,0,0,"0,0%","R$0,00","R$0,00","R$0,00",0.0,"0,0%","R$0,00",0
software crm,Ampla,Ativo,"R$0,17","R$0,50",URL padrão,Vtiger,Vtiger Instalação,0,0,"0,0%","R$0,00","R$0,00","R$0,00",0.0,"0,0%","R$0,00",0
vtiger,Ampla,Ativo,"R$0,04","R$0,50",URL padrão,Vtiger,Vtiger Instalação,0,3,"0,0%","R$0,00","R$0,00","R$0,00",1.0,"0,0%","R$0,00",0
vtiger 5,Ampla,Ativo,"R$0,04","R$0,50",URL padrão,Vtiger,Vtiger Instalação,0,2,"0,0%","R$0,00","R$0,00","R$0,00",1.0,"0,0%","R$0,00",0
vtiger 5.0,Ampla,Ativo,"R$0,04","R$0,50",URL padrão,Vtiger,Vtiger Instalação,0,0,"0,0%","R$0,00","R$0,00","R$0,00",0.0,"0,0%","R$0,00",0
vtiger 5.0 3,Ampla,Ativo,"R$0,04","R$0,50",URL padrão,Vtiger,Vtiger Instalação,0,0,"0,0%","R$0,00","R$0,00","R$0,00",0.0,"0,0%","R$0,00",0
vtiger 5.0 4,Ampla,Ativo,"R$0,04","R$0,50",URL padrão,Vtiger,Vtiger Instalação,0,0,"0,0%","R$0,00","R$0,00","R$0,00",0.0,"0,0%","R$0,00",0
vtiger brasil,Ampla,Ativo,"R$0,04","R$0,50",URL padrão,Vtiger,Vtiger Instalação,0,0,"0,0%","R$0,00","R$0,00","R$0,00",0.0,"0,0%","R$0,00",0
vtiger crm,Ampla,Ativo,"R$0,04","R$0,50",URL padrão,Vtiger,Vtiger Instalação,1,2,"50,0%","R$0,42","R$210,00","R$0,42",1.5,"0,0%","R$0,00",0
vtiger crm 5.0,Ampla,Ativo,"R$0,04","R$0,50",URL padrão,Vtiger,Vtiger Instalação,0,0,"0,0%","R$0,00","R$0,00","R$0,00",0.0,"0,0%","R$0,00",0
vtiger em portugues,Ampla,Ativo,"R$0,04","R$0,50",URL padrão,Vtiger,Vtiger Instalação,0,2,"0,0%","R$0,00","R$0,00","R$0,00",2.0,"0,0%","R$0,00",0
vtiger language,Ampla,Ativo,"R$0,04","R$0,50",URL padrão,Vtiger,Vtiger Instalação,0,0,"0,0%","R$0,00","R$0,00","R$0,00",0.0,"0,0%","R$0,00",0
vtiger modules,Ampla,Ativo,"R$0,04","R$0,50",URL padrão,Vtiger,Vtiger Instalação,0,0,"0,0%","R$0,00","R$0,00","R$0,00",0.0,"0,0%","R$0,00",0
vtiger portugues,Ampla,Ativo,"R$0,04","R$0,50",URL padrão,Vtiger,Vtiger Instalação,0,2,"0,0%","R$0,00","R$0,00","R$0,00",1.0,"0,0%","R$0,00",0
vtiger portuguese,Ampla,Ativo,"R$0,04","R$0,50",URL padrão,Vtiger,Vtiger Instalação,0,1,"0,0%","R$0,00","R$0,00","R$0,00",1.0,"0,0%","R$0,00",0
vtiger português,Ampla,Ativo,"R$0,04","R$0,50",URL padrão,Vtiger,Vtiger Instalação,0,1,"0,0%","R$0,00","R$0,00","R$0,00",1.0,"0,0%","R$0,00",0
